id,course,term,date,time,lat,lon
1,99000,E2014,2014-09-01,09-00,55.7894232052377,12.519950386948507
2,99000,E2014,2014-09-01,09-15,55.789335289669644,12.519768746871824
3,99000,E2014,2014-09-01,09-30,55.789434755032744,12.519755219993
4,99000,E2014,2014-09-01,09-45,55.789314982293874,12.519561415443226
5,99000,E2014,2014-09-01,10-00,55.78922805728944,12.519508845539695
6,99000,E2014,2014-09-01,10-15,55.789202827786156,12.519596909119208
7,99000,E2014,2014-09-01,10-30,55.7891336999376,12.51972848758072
8,99000,E2014,2014-09-01,10-45,55.789093089193784,12.51974189550751
9,99000,E2014,2014-09-08,09-00,55.78826218005544,12.519760854604275
10,99000,E2014,2014-09-08,09-15,55.78813704873191,12.519837175984634
11,99000,E2014,2014-09-08,09-30,55.78798377218413,12.519855674336863
12,99000,E2014,2014-09-08,09-45,55.78788584427624,12.519693468074744
13,99000,E2014,2014-09-08,10-00,55.78804959546236,12.519843475366015
14,99000,E2014,2014-09-08,10-15,55.78785161354977,12.519720003616735
15,99000,E2014,2014-09-08,10-30,55.78780972472963,12.519676774172796
16,99000,E2014,2014-09-08,10-45,55.78767650778378,12.519600176685387
17,99000,E2014,2014-09-15,09-00,55.78757921288579,12.5203021987447
18,99000,E2014,2014-09-15,09-15,55.78763178443186,12.520495343895409
19,99000,E2014,2014-09-15,09-30,55.78757771426717,12.52038125061704
20,99000,E2014,2014-09-15,09-45,55.787763662374566,12.520286782315834
21,99000,E2014,2014-09-15,10-00,55.78764892579332,12.520281872288663
22,99000,E2014,2014-09-15,10-15,55.78752517646459,12.520331929442795
23,99000,E2014,2014-09-15,10-30,55.7877164898399,12.52033857906205
24,99000,E2014,2014-09-15,10-45,55.787875639281346,12.520250998586585
25,99000,E2014,2014-09-22,09-00,55.787502619502,12.5202745031965
26,99000,E2014,2014-09-22,09-15,55.78751795118701,12.520418931196382
27,99000,E2014,2014-09-22,09-30,55.787705068102085,12.520435825604272
28,99000,E2014,2014-09-22,09-45,55.78780673859604,12.520541787017159
29,99000,E2014,2014-09-22,10-00,55.78762769057539,12.520475784312328
30,99000,E2014,2014-09-22,10-15,55.78770787113831,12.520646083610027
31,99000,E2014,2014-09-22,10-30,55.787621920239516,12.52076360004591
32,99000,E2014,2014-09-22,10-45,55.787790331904645,12.520783284473584
33,99000,E2014,2014-09-29,09-00,55.78764733757857,12.520215023616528
34,99000,E2014,2014-09-29,09-15,55.7877361081285,12.520086647790789
35,99000,E2014,2014-09-29,09-30,55.78785084945616,12.520115689750465
36,99000,E2014,2014-09-29,09-45,55.7878456915798,12.520044710767188
37,99000,E2014,2014-09-29,10-00,55.78773345225968,12.52005945135648
38,99000,E2014,2014-09-29,10-15,55.787779056584974,12.520060066898932
39,99000,E2014,2014-09-29,10-30,55.78791012662635,12.520164954915515
40,99000,E2014,2014-09-29,10-45,55.78781584150773,12.520033944380453
41,99000,E2014,2014-10-06,09-00,55.78804594133444,12.519783249161268
42,99000,E2014,2014-10-06,09-15,55.78797304260677,12.51964702142128
43,99000,E2014,2014-10-06,09-30,55.78789395014591,12.51965422887372
44,99000,E2014,2014-10-06,09-45,55.78780340804761,12.519535127996146
45,99000,E2014,2014-10-06,10-00,55.78795439289802,12.519676116792642
46,99000,E2014,2014-10-06,10-15,55.78796181894627,12.519699064045103
47,99000,E2014,2014-10-06,10-30,55.78813496701319,12.519530883777906
48,99000,E2014,2014-10-06,10-45,55.78816560679817,12.519509250200601
49,99000,E2014,2014-10-13,09-00,55.78913275071539,12.519526976843645
50,99000,E2014,2014-10-13,09-15,55.78904592130868,12.519710884274337
51,99000,E2014,2014-10-13,09-30,55.78919993421839,12.519652032568843
52,99000,E2014,2014-10-13,09-45,55.78936687464011,12.519617545083007
53,99000,E2014,2014-10-13,10-00,55.789372081047,12.519538671481868
54,99000,E2014,2014-10-13,10-15,55.78942582304876,12.519418097716013
55,99000,E2014,2014-10-13,10-30,55.78941469563106,12.519547589560734
56,99000,E2014,2014-10-13,10-45,55.789255311356314,12.519473670245137
57,99000,E2014,2014-10-20,09-00,55.790092258617655,12.51953102942369
58,99000,E2014,2014-10-20,09-15,55.790265421108465,12.519597358872032
59,99000,E2014,2014-10-20,09-30,55.79035664726288,12.51944812621287
60,99000,E2014,2014-10-20,09-45,55.79044656013431,12.519508863243049
61,99000,E2014,2014-10-20,10-00,55.79033807711222,12.519695016126683
62,99000,E2014,2014-10-20,10-15,55.790356671280776,12.519683357013584
63,99000,E2014,2014-10-20,10-30,55.790545168514235,12.519660238706154
64,99000,E2014,2014-10-20,10-45,55.790424962839154,12.519667156186626
65,99000,E2014,2014-10-27,09-00,55.79116668203374,12.519045214313227
66,99000,E2014,2014-10-27,09-15,55.791350779333264,12.518887012624193
67,99000,E2014,2014-10-27,09-30,55.7914931792157,12.518818002850468
68,99000,E2014,2014-10-27,09-45,55.79154786183592,12.51869325992135
69,99000,E2014,2014-10-27,10-00,55.79155183943654,12.518718843667983
70,99000,E2014,2014-10-27,10-15,55.79141202584687,12.51869482448095
71,99000,E2014,2014-10-27,10-30,55.791414992846526,12.518545224217089
72,99000,E2014,2014-10-27,10-45,55.79154896680626,12.518704533469709
73,99000,E2014,2014-11-03,09-00,55.791368769201945,12.517791532749134
74,99000,E2014,2014-11-03,09-15,55.79119172553482,12.51766929082593
75,99000,E2014,2014-11-03,09-30,55.79099520825329,12.517636378700288
76,99000,E2014,2014-11-03,09-45,55.79099973000049,12.517833336617619
77,99000,E2014,2014-11-03,10-00,55.790885609494744,12.51789572519195
78,99000,E2014,2014-11-03,10-15,55.79092617042086,12.51805684657267
79,99000,E2014,2014-11-03,10-30,55.791121261048076,12.518002505402631
80,99000,E2014,2014-11-03,10-45,55.791238938034795,12.517870548646822
81,99000,E2014,2014-11-10,09-00,55.79157544516664,12.518283039385198
82,99000,E2014,2014-11-10,09-15,55.791721947342495,12.518152990337335
83,99000,E2014,2014-11-10,09-30,55.79179464163168,12.518015385343308
84,99000,E2014,2014-11-10,09-45,55.791990176153,12.517910017205988
85,99000,E2014,2014-11-10,10-00,55.792183512382564,12.517784180014216
86,99000,E2014,2014-11-10,10-15,55.7923575638724,12.517898947397116
87,99000,E2014,2014-11-10,10-30,55.7925386564707,12.51798809949973
88,99000,E2014,2014-11-10,10-45,55.792486057453104,12.518106369773454
89,99000,E2014,2014-11-17,09-00,55.79309537816113,12.517504237864198
90,99000,E2014,2014-11-17,09-15,55.793053446212014,12.517382962900793
91,99000,E2014,2014-11-17,09-30,55.79308626233004,12.517425672325645
92,99000,E2014,2014-11-17,09-45,55.79293650843257,12.51747579723339
93,99000,E2014,2014-11-17,10-00,55.79304211969019,12.517474851844597
94,99000,E2014,2014-11-17,10-15,55.79301626675026,12.517492454915525
95,99000,E2014,2014-11-17,10-30,55.79284075217953,12.517671402912635
96,99000,E2014,2014-11-17,10-45,55.79266792664249,12.51772156699041
97,99001,E2014,2014-09-02,09-00,55.79185713441874,12.526589682968776
98,99001,E2014,2014-09-02,09-15,55.79188131777937,12.526533924728755
99,99001,E2014,2014-09-02,09-30,55.791872351868925,12.526464400201986
100,99001,E2014,2014-09-02,09-45,55.7919280650459,12.526368337583648
101,99001,E2014,2014-09-02,10-00,55.79179061728895,12.526473920251458
102,99001,E2014,2014-09-02,10-15,55.79192566390516,12.52633554976001
103,99001,E2014,2014-09-02,10-30,55.79208579771326,12.526207945086037
104,99001,E2014,2014-09-02,10-45,55.79217803412977,12.526403494814309
105,99001,E2014,2014-09-09,09-00,55.79210555509017,12.52746471011815
106,99001,E2014,2014-09-09,09-15,55.79212672451911,12.527428508265894
107,99001,E2014,2014-09-09,09-30,55.7921458153344,12.527242891999322
108,99001,E2014,2014-09-09,09-45,55.79213596680063,12.527265875475202
109,99001,E2014,2014-09-09,10-00,55.791992128973256,12.527345328161752
110,99001,E2014,2014-09-09,10-15,55.792081688153246,12.527203391845303
111,99001,E2014,2014-09-09,10-30,55.792060598097976,12.527352969940925
112,99001,E2014,2014-09-09,10-45,55.7918642880713,12.52746640814896
113,99001,E2014,2014-09-16,09-00,55.79220311557814,12.527844254791868
114,99001,E2014,2014-09-16,09-15,55.79204423545574,12.527739949165131
115,99001,E2014,2014-09-16,09-30,55.792046803505606,12.527590133686363
116,99001,E2014,2014-09-16,09-45,55.79206933453734,12.527439591248099
117,99001,E2014,2014-09-16,10-00,55.79196219435341,12.527608373511201
118,99001,E2014,2014-09-16,10-15,55.79208257781462,12.527797995274938
119,99001,E2014,2014-09-16,10-30,55.79197155879175,12.52789436509009
120,99001,E2014,2014-09-16,10-45,55.79204352072141,12.52799823617587
121,99001,E2014,2014-09-23,09-00,55.79140040636505,12.528792958171676
122,99001,E2014,2014-09-23,09-15,55.79123457816415,12.52882598136196
123,99001,E2014,2014-09-23,09-30,55.79116567453675,12.528969383681432
124,99001,E2014,2014-09-23,09-45,55.791141167202724,12.528890567978614
125,99001,E2014,2014-09-23,10-00,55.791256416799335,12.528857976291626
126,99001,E2014,2014-09-23,10-15,55.79125963840142,12.528934560538232
127,99001,E2014,2014-09-23,10-30,55.79123095133365,12.528738435746769
128,99001,E2014,2014-09-23,10-45,55.79121986107313,12.528691508570734
129,99001,E2014,2014-09-30,09-00,55.79166371508888,12.527949403768313
130,99001,E2014,2014-09-30,09-15,55.79183742232049,12.52808685247542
131,99001,E2014,2014-09-30,09-30,55.791785780357735,12.528131077190045
132,99001,E2014,2014-09-30,09-45,55.79186974055372,12.528148918376344
133,99001,E2014,2014-09-30,10-00,55.79187134994712,12.528148041922524
134,99001,E2014,2014-09-30,10-15,55.792039782588695,12.528152901995773
135,99001,E2014,2014-09-30,10-30,55.79208263277505,12.528265353152909
136,99001,E2014,2014-09-30,10-45,55.791894474385124,12.528286151248938
137,99001,E2014,2014-10-07,09-00,55.79271033659731,12.527808797565513
138,99001,E2014,2014-10-07,09-15,55.79286693777538,12.527879459937349
139,99001,E2014,2014-10-07,09-30,55.79301364150385,12.527990359903246
140,99001,E2014,2014-10-07,09-45,55.792874008173065,12.528190353822785
141,99001,E2014,2014-10-07,10-00,55.792715483155256,12.528096616538402
142,99001,E2014,2014-10-07,10-15,55.79284629593821,12.528073074146478
143,99001,E2014,2014-10-07,10-30,55.79264865463741,12.527911809873675
144,99001,E2014,2014-10-07,10-45,55.792841916719276,12.527956427002511
145,99001,E2014,2014-10-14,09-00,55.79295872589537,12.52830077934406
146,99001,E2014,2014-10-14,09-15,55.792820888244385,12.528361813311443
147,99001,E2014,2014-10-14,09-30,55.79269094163271,12.528285993900113
148,99001,E2014,2014-10-14,09-45,55.79268665376834,12.528219346169816
149,99001,E2014,2014-10-14,10-00,55.79265036139255,12.528024391473403
150,99001,E2014,2014-10-14,10-15,55.79266773782268,12.52799450979104
151,99001,E2014,2014-10-14,10-30,55.792769136425925,12.527823405556589
152,99001,E2014,2014-10-14,10-45,55.792829478519245,12.528001855426435
153,99001,E2014,2014-10-21,09-00,55.7935503114198,12.527881067661209
154,99001,E2014,2014-10-21,09-15,55.7934388818506,12.527987708959728
155,99001,E2014,2014-10-21,09-30,55.79360617023626,12.5281743979964
156,99001,E2014,2014-10-21,09-45,55.793564161859564,12.528215668057104
157,99001,E2014,2014-10-21,10-00,55.793728112782404,12.528157511994763
158,99001,E2014,2014-10-21,10-15,55.793638642305694,12.528044965665647
159,99001,E2014,2014-10-21,10-30,55.79348828944669,12.528122552340896
160,99001,E2014,2014-10-21,10-45,55.7933315897672,12.52809845015704
161,99001,E2014,2014-10-28,09-00,55.793188072133454,12.528315486731552
162,99001,E2014,2014-10-28,09-15,55.79331038674778,12.528297447351907
163,99001,E2014,2014-10-28,09-30,55.793115031167986,12.528343738940212
164,99001,E2014,2014-10-28,09-45,55.79321701222084,12.528187088788629
165,99001,E2014,2014-10-28,10-00,55.79313966362262,12.52815798822209
166,99001,E2014,2014-10-28,10-15,55.79317347473255,12.527985579302532
167,99001,E2014,2014-10-28,10-30,55.79313348576852,12.527986378935928
168,99001,E2014,2014-10-28,10-45,55.792968693491,12.5280745453731
169,99001,E2014,2014-11-04,09-00,55.79370702836365,12.527675068621525
170,99001,E2014,2014-11-04,09-15,55.793661356797514,12.527594544135805
171,99001,E2014,2014-11-04,09-30,55.79364576019394,12.527549445049244
172,99001,E2014,2014-11-04,09-45,55.79364438921038,12.527544457528434
173,99001,E2014,2014-11-04,10-00,55.793567053676455,12.527484370355243
174,99001,E2014,2014-11-04,10-15,55.793721728476676,12.527442579419509
175,99001,E2014,2014-11-04,10-30,55.793703302250215,12.527572497605865
176,99001,E2014,2014-11-04,10-45,55.79359915771054,12.527696067026652
177,99001,E2014,2014-11-11,09-00,55.79270752723222,12.528179590085001
178,99001,E2014,2014-11-11,09-15,55.79273781274483,12.52798599184484
179,99001,E2014,2014-11-11,09-30,55.7926522147019,12.528123001370183
180,99001,E2014,2014-11-11,09-45,55.792748920745765,12.527977916923774
181,99001,E2014,2014-11-11,10-00,55.79276816377862,12.52805102094005
182,99001,E2014,2014-11-11,10-15,55.79263114767429,12.528070167256038
183,99001,E2014,2014-11-11,10-30,55.792755624550225,12.528067096091792
184,99001,E2014,2014-11-11,10-45,55.79256815461782,12.527910007234217
185,99001,E2014,2014-11-18,09-00,55.79250603956708,12.527545726436287
186,99001,E2014,2014-11-18,09-15,55.7923917541697,12.527490234587194
187,99001,E2014,2014-11-18,09-30,55.79222794848754,12.527689854553087
188,99001,E2014,2014-11-18,09-45,55.79239777616347,12.527685860286457
189,99001,E2014,2014-11-18,10-00,55.79240839086334,12.527726618127623
190,99001,E2014,2014-11-18,10-15,55.79240776372152,12.527569504611654
191,99001,E2014,2014-11-18,10-30,55.79250098515022,12.527682381220766
192,99001,E2014,2014-11-18,10-45,55.79268008095131,12.52748799306279
193,99002,E2014,2014-09-01,09-00,55.78771861693668,12.519992673534533
194,99002,E2014,2014-09-01,09-15,55.78760955858766,12.520144499691169
195,99002,E2014,2014-09-01,09-30,55.78742084972144,12.520087217243207
196,99002,E2014,2014-09-01,09-45,55.78738573022804,12.520167960927877
197,99002,E2014,2014-09-01,10-00,55.787247679425,12.520051247334472
198,99002,E2014,2014-09-01,10-15,55.78734524497994,12.520191324058201
199,99002,E2014,2014-09-01,10-30,55.78731693013998,12.520319184187997
200,99002,E2014,2014-09-01,10-45,55.7874614269077,12.520186336829344
201,99002,E2014,2014-09-08,09-00,55.786833490128814,12.52005922149783
202,99002,E2014,2014-09-08,09-15,55.78669458148864,12.520077512376474
203,99002,E2014,2014-09-08,09-30,55.786708903514985,12.52015534463308
204,99002,E2014,2014-09-08,09-45,55.786634299500776,12.520207033113909
205,99002,E2014,2014-09-08,10-00,55.78676244279112,12.520074723433508
206,99002,E2014,2014-09-08,10-15,55.78658445032021,12.519978565066431
207,99002,E2014,2014-09-08,10-30,55.78639097102205,12.520162999883057
208,99002,E2014,2014-09-08,10-45,55.78657815744684,12.52023032099941
209,99002,E2014,2014-09-15,09-00,55.78613049191017,12.520160038646289
210,99002,E2014,2014-09-15,09-15,55.78596801625807,12.520091560581811
211,99002,E2014,2014-09-15,09-30,55.78596048183961,12.520241230384814
212,99002,E2014,2014-09-15,09-45,55.786121149624734,12.520372133790824
213,99002,E2014,2014-09-15,10-00,55.78624569069629,12.52030407795481
214,99002,E2014,2014-09-15,10-15,55.78623042363471,12.520479912889272
215,99002,E2014,2014-09-15,10-30,55.78631726384862,12.520546188887556
216,99002,E2014,2014-09-15,10-45,55.78615113920697,12.520616651942
217,99002,E2014,2014-09-22,09-00,55.78549979659143,12.520278973435326
218,99002,E2014,2014-09-22,09-15,55.78547663193222,12.520323458712088
219,99002,E2014,2014-09-22,09-30,55.78546714449217,12.520207582447911
220,99002,E2014,2014-09-22,09-45,55.78553946997113,12.52040635924994
221,99002,E2014,2014-09-22,10-00,55.785352129900915,12.520556235527637
222,99002,E2014,2014-09-22,10-15,55.78518142474991,12.520540001895565
223,99002,E2014,2014-09-22,10-30,55.785367634711235,12.520640810459108
224,99002,E2014,2014-09-22,10-45,55.78541254220788,12.520639028243945
225,99002,E2014,2014-09-29,09-00,55.78459038361678,12.520141986030866
226,99002,E2014,2014-09-29,09-15,55.78462340958257,12.519990237602423
227,99002,E2014,2014-09-29,09-30,55.78454087930694,12.520014812768391
228,99002,E2014,2014-09-29,09-45,55.78435535561473,12.519914411438261
229,99002,E2014,2014-09-29,10-00,55.784265047349635,12.520063698937875
230,99002,E2014,2014-09-29,10-15,55.78419795480067,12.520100306160789
231,99002,E2014,2014-09-29,10-30,55.78430762037249,12.520094948340082
232,99002,E2014,2014-09-29,10-45,55.78443287494172,12.520186571066883
233,99002,E2014,2014-10-06,09-00,55.78533117685498,12.52003271528055
234,99002,E2014,2014-10-06,09-15,55.785409481947596,12.520169652423258
235,99002,E2014,2014-10-06,09-30,55.78527979678998,12.52025173928889
236,99002,E2014,2014-10-06,09-45,55.7853966647366,12.520238439394403
237,99002,E2014,2014-10-06,10-00,55.78530841735378,12.52024014647667
238,99002,E2014,2014-10-06,10-15,55.78517374872142,12.520320660344353
239,99002,E2014,2014-10-06,10-30,55.78507697786857,12.520243931933178
240,99002,E2014,2014-10-06,10-45,55.78492396034199,12.520154820767425
241,99002,E2014,2014-10-13,09-00,55.78565909162181,12.520364859279473
242,99002,E2014,2014-10-13,09-15,55.78584507786421,12.520535584231228
243,99002,E2014,2014-10-13,09-30,55.786042459710764,12.520523537924703
244,99002,E2014,2014-10-13,09-45,55.7859181043106,12.520478257294418
245,99002,E2014,2014-10-13,10-00,55.785792833112254,12.520503541797108
246,99002,E2014,2014-10-13,10-15,55.78588540550209,12.520595996825868
247,99002,E2014,2014-10-13,10-30,55.7856996978395,12.520654335029976
248,99002,E2014,2014-10-13,10-45,55.785616794610846,12.520503843593794
249,99002,E2014,2014-10-20,09-00,55.78622667923571,12.52086756368043
250,99002,E2014,2014-10-20,09-15,55.7860524205459,12.520884386015016
251,99002,E2014,2014-10-20,09-30,55.78622941789747,12.520863527048451
252,99002,E2014,2014-10-20,09-45,55.786308483830666,12.520871017602525
253,99002,E2014,2014-10-20,10-00,55.78635498927458,12.520864646447226
254,99002,E2014,2014-10-20,10-15,55.78638047475374,12.520970941381833
255,99002,E2014,2014-10-20,10-30,55.78641450132038,12.52092802642491
256,99002,E2014,2014-10-20,10-45,55.786478986684834,12.520998195556656
257,99002,E2014,2014-10-27,09-00,55.787216924647645,12.521569359751261
258,99002,E2014,2014-10-27,09-15,55.78734599590268,12.521609414010204
259,99002,E2014,2014-10-27,09-30,55.78721263227869,12.521656078760813
260,99002,E2014,2014-10-27,09-45,55.78730470247857,12.521594622399771
261,99002,E2014,2014-10-27,10-00,55.78728204782305,12.521421449299234
262,99002,E2014,2014-10-27,10-15,55.78747171441522,12.521502424031224
263,99002,E2014,2014-10-27,10-30,55.78762574833229,12.521522648274452
264,99002,E2014,2014-10-27,10-45,55.78749809312805,12.521507927515524
265,99002,E2014,2014-11-03,09-00,55.788466336948645,12.521323313810795
266,99002,E2014,2014-11-03,09-15,55.78833345852536,12.521399026773132
267,99002,E2014,2014-11-03,09-30,55.78823861439574,12.521243218533556
268,99002,E2014,2014-11-03,09-45,55.788143061021565,12.521390334473793
269,99002,E2014,2014-11-03,10-00,55.78827878296537,12.521389253578908
270,99002,E2014,2014-11-03,10-15,55.78834623892601,12.521194369042783
271,99002,E2014,2014-11-03,10-30,55.78833002933051,12.52132267489487
272,99002,E2014,2014-11-03,10-45,55.78838952890405,12.521377212227284
273,99002,E2014,2014-11-10,09-00,55.78887033811881,12.520602579903015
274,99002,E2014,2014-11-10,09-15,55.78901285664952,12.52077626702541
275,99002,E2014,2014-11-10,09-30,55.78917944740509,12.520863549906563
276,99002,E2014,2014-11-10,09-45,55.789357413449395,12.520924995414237
277,99002,E2014,2014-11-10,10-00,55.78953895719225,12.520879749846536
278,99002,E2014,2014-11-10,10-15,55.789395547517564,12.520722410445044
279,99002,E2014,2014-11-10,10-30,55.78935721427851,12.5208728499136
280,99002,E2014,2014-11-10,10-45,55.78932157694051,12.520882533400828
281,99002,E2014,2014-11-17,09-00,55.789313562920874,12.521694020819234
282,99002,E2014,2014-11-17,09-15,55.78943649983984,12.521614140173385
283,99002,E2014,2014-11-17,09-30,55.7896291119934,12.521766512979834
284,99002,E2014,2014-11-17,09-45,55.78956715195171,12.521708774959638
285,99002,E2014,2014-11-17,10-00,55.78943086455433,12.521796084171502
286,99002,E2014,2014-11-17,10-15,55.7896071430945,12.5218671863412
287,99002,E2014,2014-11-17,10-30,55.78955499996573,12.522060922673385
288,99002,E2014,2014-11-17,10-45,55.78962029879563,12.522115222100222
289,99003,E2014,2014-09-05,09-00,55.77934693084811,12.519059828435323
290,99003,E2014,2014-09-05,09-15,55.779279637791255,12.519101055417837
291,99003,E2014,2014-09-05,09-30,55.77920225450249,12.519030933705306
292,99003,E2014,2014-09-05,09-45,55.77931542976238,12.518995923262581
293,99003,E2014,2014-09-05,10-00,55.779439404983094,12.519195885293607
294,99003,E2014,2014-09-05,10-15,55.77931203870037,12.519189794872933
295,99003,E2014,2014-09-05,10-30,55.77925106016398,12.519100967398133
296,99003,E2014,2014-09-05,10-45,55.77915390571457,12.519223947053977
297,99003,E2014,2014-09-12,09-00,55.77841424600564,12.518488344826233
298,99003,E2014,2014-09-12,09-15,55.77846146526339,12.518663069830117
299,99003,E2014,2014-09-12,09-30,55.77854483121534,12.518833331602158
300,99003,E2014,2014-09-12,09-45,55.77855536074069,12.518917554797255
301,99003,E2014,2014-09-12,10-00,55.778629432238624,12.518834508610693
302,99003,E2014,2014-09-12,10-15,55.778462871808024,12.518830455510813
303,99003,E2014,2014-09-12,10-30,55.778393864546864,12.518988148799416
304,99003,E2014,2014-09-12,10-45,55.778559234303536,12.519145110534222
305,99003,E2014,2014-09-19,09-00,55.77861487721145,12.51932281856515
306,99003,E2014,2014-09-19,09-15,55.77869402047591,12.519252555943508
307,99003,E2014,2014-09-19,09-30,55.77871470036618,12.519224583480868
308,99003,E2014,2014-09-19,09-45,55.77852256984751,12.519025008550713
309,99003,E2014,2014-09-19,10-00,55.77872072969606,12.519175894470338
310,99003,E2014,2014-09-19,10-15,55.77878849178098,12.519257930642219
311,99003,E2014,2014-09-19,10-30,55.778798703207414,12.519289433760642
312,99003,E2014,2014-09-19,10-45,55.778930118733435,12.519257105680724
313,99003,E2014,2014-09-26,09-00,55.7794527846007,12.519442494648994
314,99003,E2014,2014-09-26,09-15,55.7794491780508,12.519380291362165
315,99003,E2014,2014-09-26,09-30,55.77947222241543,12.519341693383064
316,99003,E2014,2014-09-26,09-45,55.77927868210005,12.519293773750238
317,99003,E2014,2014-09-26,10-00,55.77929489846896,12.51945158946905
318,99003,E2014,2014-09-26,10-15,55.77911791141179,12.519478051365653
319,99003,E2014,2014-09-26,10-30,55.77925751865494,12.519327843361188
320,99003,E2014,2014-09-26,10-45,55.779262438126295,12.519155746780886
321,99003,E2014,2014-10-03,09-00,55.77936059794114,12.51865932722462
322,99003,E2014,2014-10-03,09-15,55.77916088596944,12.518556426379583
323,99003,E2014,2014-10-03,09-30,55.7790361207042,12.518501392609268
324,99003,E2014,2014-10-03,09-45,55.77922029497189,12.518645045623694
325,99003,E2014,2014-10-03,10-00,55.77921147196501,12.518699964877921
326,99003,E2014,2014-10-03,10-15,55.77906481073792,12.518525343457922
327,99003,E2014,2014-10-03,10-30,55.77917084303006,12.518436312317775
328,99003,E2014,2014-10-03,10-45,55.77917828947751,12.518288880314454
329,99003,E2014,2014-10-10,09-00,55.7801553999578,12.519041747205574
330,99003,E2014,2014-10-10,09-15,55.780012563838476,12.51921522628106
331,99003,E2014,2014-10-10,09-30,55.78000880954876,12.519296397733934
332,99003,E2014,2014-10-10,09-45,55.77985667706233,12.5192836981535
333,99003,E2014,2014-10-10,10-00,55.78004388658216,12.519197341421044
334,99003,E2014,2014-10-10,10-15,55.7801952725394,12.519116179885236
335,99003,E2014,2014-10-10,10-30,55.780369780059836,12.519288310324113
336,99003,E2014,2014-10-10,10-45,55.78041290145958,12.519257528661628
337,99003,E2014,2014-10-17,09-00,55.77931275515835,12.518607263081408
338,99003,E2014,2014-10-17,09-15,55.77941444931394,12.51853666317694
339,99003,E2014,2014-10-17,09-30,55.779228072280716,12.518567790417293
340,99003,E2014,2014-10-17,09-45,55.77939415076324,12.518715630621712
341,99003,E2014,2014-10-17,10-00,55.77936066083205,12.51886900754681
342,99003,E2014,2014-10-17,10-15,55.77933777437274,12.518751477492263
343,99003,E2014,2014-10-17,10-30,55.77937145806488,12.518575760020964
344,99003,E2014,2014-10-17,10-45,55.77920470403847,12.51842333846749
345,99003,E2014,2014-10-24,09-00,55.779648874134374,12.518025985561291
346,99003,E2014,2014-10-24,09-15,55.77979708270916,12.518065232497975
347,99003,E2014,2014-10-24,09-30,55.77991905279127,12.518229212488224
348,99003,E2014,2014-10-24,09-45,55.7798939060548,12.518058620601435
349,99003,E2014,2014-10-24,10-00,55.77983083341009,12.518241024538177
350,99003,E2014,2014-10-24,10-15,55.78001209567298,12.518051473170951
351,99003,E2014,2014-10-24,10-30,55.77989018350168,12.517992304524483
352,99003,E2014,2014-10-24,10-45,55.7797848399295,12.517979524770164
353,99003,E2014,2014-10-31,09-00,55.77968829629997,12.5187358305872
354,99003,E2014,2014-10-31,09-15,55.7796793264555,12.518582040938517
355,99003,E2014,2014-10-31,09-30,55.77968973955613,12.518402452883917
356,99003,E2014,2014-10-31,09-45,55.77988374435339,12.518372715041616
357,99003,E2014,2014-10-31,10-00,55.77998071867002,12.518489597244038
358,99003,E2014,2014-10-31,10-15,55.7800878345742,12.518526268265976
359,99003,E2014,2014-10-31,10-30,55.78003882445871,12.51842874646174
360,99003,E2014,2014-10-31,10-45,55.780202890582785,12.51851495444138
361,99003,E2014,2014-11-07,09-00,55.78091382462224,12.51810178742789
362,99003,E2014,2014-11-07,09-15,55.78092663365274,12.517918041729338
363,99003,E2014,2014-11-07,09-30,55.781017833430894,12.517870047542415
364,99003,E2014,2014-11-07,09-45,55.78100124564436,12.517844545109899
365,99003,E2014,2014-11-07,10-00,55.7808096027359,12.517936706850204
366,99003,E2014,2014-11-07,10-15,55.78076166889891,12.51792611792759
367,99003,E2014,2014-11-07,10-30,55.780749964443636,12.51809945578932
368,99003,E2014,2014-11-07,10-45,55.78060540532987,12.517937774270194
369,99003,E2014,2014-11-14,09-00,55.78060866747452,12.518761555866128
370,99003,E2014,2014-11-14,09-15,55.780501298234796,12.5186430780816
371,99003,E2014,2014-11-14,09-30,55.78055306852119,12.51845625234666
372,99003,E2014,2014-11-14,09-45,55.78073291539967,12.518556042863938
373,99003,E2014,2014-11-14,10-00,55.780685068231676,12.518638391578596
374,99003,E2014,2014-11-14,10-15,55.78066321239714,12.51874672812853
375,99003,E2014,2014-11-14,10-30,55.78056517771604,12.518941547027197
376,99003,E2014,2014-11-14,10-45,55.78054633434844,12.51906529364959
377,99003,E2014,2014-11-21,09-00,55.77983501387458,12.518579576496524
378,99003,E2014,2014-11-21,09-15,55.779836818197396,12.518465661087667
379,99003,E2014,2014-11-21,09-30,55.77984905933321,12.518366208276337
380,99003,E2014,2014-11-21,09-45,55.779965499150684,12.518430384926745
381,99003,E2014,2014-11-21,10-00,55.78005796104295,12.518402501416434
382,99003,E2014,2014-11-21,10-15,55.780054127596266,12.518472882814185
383,99003,E2014,2014-11-21,10-30,55.77998097238492,12.51859213926021
384,99003,E2014,2014-11-21,10-45,55.77982221326334,12.518402439751656
385,99004,E2014,2014-09-03,09-00,55.789142662810086,12.520975357959776
386,99004,E2014,2014-09-03,09-15,55.78930322289321,12.520926257586861
387,99004,E2014,2014-09-03,09-30,55.78934307992959,12.520805964239097
388,99004,E2014,2014-09-03,09-45,55.78923761760833,12.520816542378427
389,99004,E2014,2014-09-03,10-00,55.789044514258926,12.52075491113802
390,99004,E2014,2014-09-03,10-15,55.789170949140654,12.520640509064506
391,99004,E2014,2014-09-03,10-30,55.78930290269003,12.520723485024735
392,99004,E2014,2014-09-03,10-45,55.78913607504392,12.520754942581885
393,99004,E2014,2014-09-10,09-00,55.7887303776179,12.520439953458446
394,99004,E2014,2014-09-10,09-15,55.78887758722068,12.520553370248145
395,99004,E2014,2014-09-10,09-30,55.788980225673484,12.520380074101908
396,99004,E2014,2014-09-10,09-45,55.78879632970263,12.52052835305046
397,99004,E2014,2014-09-10,10-00,55.788757878723224,12.520328884440156
398,99004,E2014,2014-09-10,10-15,55.7886716350417,12.520271932533385
399,99004,E2014,2014-09-10,10-30,55.78879423144791,12.520213681181355
400,99004,E2014,2014-09-10,10-45,55.7888824772854,12.520311503942912
401,99004,E2014,2014-09-17,09-00,55.788065646554514,12.519765106562772
402,99004,E2014,2014-09-17,09-15,55.78819193724042,12.519650780106106
403,99004,E2014,2014-09-17,09-30,55.788273783183776,12.519623087873915
404,99004,E2014,2014-09-17,09-45,55.78829705557609,12.519609798337251
405,99004,E2014,2014-09-17,10-00,55.78826547513402,12.519649417230077
406,99004,E2014,2014-09-17,10-15,55.788438422031184,12.519638256805093
407,99004,E2014,2014-09-17,10-30,55.788257499255444,12.51945739570432
408,99004,E2014,2014-09-17,10-45,55.78831149580207,12.519421185069955
409,99004,E2014,2014-09-24,09-00,55.788336053135154,12.51943005255063
410,99004,E2014,2014-09-24,09-15,55.78821714902737,12.519442043530166
411,99004,E2014,2014-09-24,09-30,55.788091329531646,12.519520306175922
412,99004,E2014,2014-09-24,09-45,55.7881833513003,12.519508064620984
413,99004,E2014,2014-09-24,10-00,55.788251516990314,12.519476544125794
414,99004,E2014,2014-09-24,10-15,55.78815446710579,12.519598318055321
415,99004,E2014,2014-09-24,10-30,55.78810314350623,12.519624212314417
416,99004,E2014,2014-09-24,10-45,55.78817449320592,12.519616504272182
417,99004,E2014,2014-10-01,09-00,55.78786483551948,12.520372098525966
418,99004,E2014,2014-10-01,09-15,55.78796339971466,12.52023507342509
419,99004,E2014,2014-10-01,09-30,55.78804157803527,12.520125812969257
420,99004,E2014,2014-10-01,09-45,55.78784834619665,12.52020925244438
421,99004,E2014,2014-10-01,10-00,55.78800605608275,12.520382061589894
422,99004,E2014,2014-10-01,10-15,55.787969232424764,12.520376930990684
423,99004,E2014,2014-10-01,10-30,55.788048432301196,12.5203316855381
424,99004,E2014,2014-10-01,10-45,55.78817631608213,12.520143132182808
425,99004,E2014,2014-10-08,09-00,55.7886714035122,12.519078429318263
426,99004,E2014,2014-10-08,09-15,55.78874389522425,12.518914952727984
427,99004,E2014,2014-10-08,09-30,55.78867502397714,12.518860199052957
428,99004,E2014,2014-10-08,09-45,55.78868584805467,12.518693638943832
429,99004,E2014,2014-10-08,10-00,55.78875404125683,12.518802201285068
430,99004,E2014,2014-10-08,10-15,55.78863275212361,12.518974682962613
431,99004,E2014,2014-10-08,10-30,55.78850986739077,12.51911089919103
432,99004,E2014,2014-10-08,10-45,55.788478564416394,12.518990014166997
433,99004,E2014,2014-10-15,09-00,55.78831888981667,12.519260048931239
434,99004,E2014,2014-10-15,09-15,55.7883728369375,12.519206134150615
435,99004,E2014,2014-10-15,09-30,55.78825802124486,12.519148816246085
436,99004,E2014,2014-10-15,09-45,55.788206661586905,12.519000389588644
437,99004,E2014,2014-10-15,10-00,55.7882724951118,12.518983181273763
438,99004,E2014,2014-10-15,10-15,55.78835459234668,12.518882804937673
439,99004,E2014,2014-10-15,10-30,55.788227498196825,12.51868983705891
440,99004,E2014,2014-10-15,10-45,55.788288283465064,12.518655492041598
441,99004,E2014,2014-10-22,09-00,55.78898624532625,12.51945053060522
442,99004,E2014,2014-10-22,09-15,55.78883071844555,12.5192989326886
443,99004,E2014,2014-10-22,09-30,55.788786341774916,12.51924291327368
444,99004,E2014,2014-10-22,09-45,55.78861069531822,12.51932906975761
445,99004,E2014,2014-10-22,10-00,55.788771799556805,12.51932159139667
446,99004,E2014,2014-10-22,10-15,55.78871009726695,12.519279519751814
447,99004,E2014,2014-10-22,10-30,55.78852751880238,12.519094041606031
448,99004,E2014,2014-10-22,10-45,55.78844096100918,12.519099303518438
449,99004,E2014,2014-10-29,09-00,55.78879506964083,12.519155018873859
450,99004,E2014,2014-10-29,09-15,55.78873505079819,12.519039471865304
451,99004,E2014,2014-10-29,09-30,55.78858880391064,12.518843746014623
452,99004,E2014,2014-10-29,09-45,55.78862666233692,12.518687935544778
453,99004,E2014,2014-10-29,10-00,55.78877503672521,12.518662469335894
454,99004,E2014,2014-10-29,10-15,55.788657783664284,12.51854893069512
455,99004,E2014,2014-10-29,10-30,55.78852918140655,12.51856496289185
456,99004,E2014,2014-10-29,10-45,55.78871059218308,12.518659116706925
457,99004,E2014,2014-11-05,09-00,55.78834171712445,12.518968104101537
458,99004,E2014,2014-11-05,09-15,55.788366006859455,12.518971353704016
459,99004,E2014,2014-11-05,09-30,55.78829895960299,12.518864953484188
460,99004,E2014,2014-11-05,09-45,55.788292656272255,12.519012021798037
461,99004,E2014,2014-11-05,10-00,55.788117481052836,12.518977106676767
462,99004,E2014,2014-11-05,10-15,55.788072537674374,12.519029771552809
463,99004,E2014,2014-11-05,10-30,55.78820528061963,12.519082246745093
464,99004,E2014,2014-11-05,10-45,55.78818557724497,12.518962258453676
465,99004,E2014,2014-11-12,09-00,55.78734384056823,12.519167877741856
466,99004,E2014,2014-11-12,09-15,55.787228186579085,12.519253715424176
467,99004,E2014,2014-11-12,09-30,55.78711431785362,12.519189218969114
468,99004,E2014,2014-11-12,09-45,55.787028640037796,12.519213732796613
469,99004,E2014,2014-11-12,10-00,55.78692576847733,12.51927033256413
470,99004,E2014,2014-11-12,10-15,55.787113440043974,12.519152744315262
471,99004,E2014,2014-11-12,10-30,55.78717261800363,12.519328908790206
472,99004,E2014,2014-11-12,10-45,55.787105057582004,12.519502375094158
473,99004,E2014,2014-11-19,09-00,55.78629780540964,12.518536676860307
474,99004,E2014,2014-11-19,09-15,55.78620160624366,12.51847053515144
475,99004,E2014,2014-11-19,09-30,55.78638835134184,12.51833648182861
476,99004,E2014,2014-11-19,09-45,55.786539022849404,12.518453260694468
477,99004,E2014,2014-11-19,10-00,55.78669661269503,12.518441376598803
478,99004,E2014,2014-11-19,10-15,55.786511908017076,12.518561211101924
479,99004,E2014,2014-11-19,10-30,55.78646542506044,12.518534435674283
480,99004,E2014,2014-11-19,10-45,55.786271553163466,12.518486361120438
481,99005,E2014,2014-09-03,09-00,55.78323228713127,12.529845383173463
482,99005,E2014,2014-09-03,09-15,55.78324714166093,12.529996575159776
483,99005,E2014,2014-09-03,09-30,55.783315442433334,12.53006539713821
484,99005,E2014,2014-09-03,09-45,55.7833052013545,12.529989235976755
485,99005,E2014,2014-09-03,10-00,55.78336242398053,12.530154464933364
486,99005,E2014,2014-09-03,10-15,55.7833398131771,12.530174276628658
487,99005,E2014,2014-09-03,10-30,55.783237097192206,12.530177194733866
488,99005,E2014,2014-09-03,10-45,55.783326702165354,12.530363498575522
489,99005,E2014,2014-09-10,09-00,55.78269814090143,12.531184250699866
490,99005,E2014,2014-09-10,09-15,55.782891357993876,12.531248389700798
491,99005,E2014,2014-09-10,09-30,55.78291263888255,12.531345136069918
492,99005,E2014,2014-09-10,09-45,55.783109623186064,12.531215730300335
493,99005,E2014,2014-09-10,10-00,55.78304018452712,12.531389747999183
494,99005,E2014,2014-09-10,10-15,55.7829831795596,12.531452732152024
495,99005,E2014,2014-09-10,10-30,55.78278642082805,12.531485791964691
496,99005,E2014,2014-09-10,10-45,55.78281848368405,12.531510700502547
497,99005,E2014,2014-09-17,09-00,55.783374441971205,12.531779456507751
498,99005,E2014,2014-09-17,09-15,55.783519055178054,12.531872362805808
499,99005,E2014,2014-09-17,09-30,55.78364631092083,12.532065726037755
500,99005,E2014,2014-09-17,09-45,55.783452660840275,12.53219279454244
501,99005,E2014,2014-09-17,10-00,55.78339821393137,12.53201651370304
502,99005,E2014,2014-09-17,10-15,55.783318252096095,12.532216399942845
503,99005,E2014,2014-09-17,10-30,55.78319180289992,12.532101659644608
504,99005,E2014,2014-09-17,10-45,55.78314102092732,12.532121029233787
505,99005,E2014,2014-09-24,09-00,55.78314068521237,12.532629331300159
506,99005,E2014,2014-09-24,09-15,55.78294968462795,12.53282383305185
507,99005,E2014,2014-09-24,09-30,55.78311932415454,12.532668702213531
508,99005,E2014,2014-09-24,09-45,55.78305960595774,12.532720611300896
509,99005,E2014,2014-09-24,10-00,55.7832062443355,12.532520902157136
510,99005,E2014,2014-09-24,10-15,55.78304189394138,12.53271443821992
511,99005,E2014,2014-09-24,10-30,55.78296315070706,12.532828956607258
512,99005,E2014,2014-09-24,10-45,55.78308017511841,12.532662748023643
513,99005,E2014,2014-10-01,09-00,55.782875114108336,12.533418895000947
514,99005,E2014,2014-10-01,09-15,55.782963886623314,12.53326047313785
515,99005,E2014,2014-10-01,09-30,55.78288653311039,12.533305429686198
516,99005,E2014,2014-10-01,09-45,55.78285014127715,12.533308869607563
517,99005,E2014,2014-10-01,10-00,55.78295158119181,12.53332123289695
518,99005,E2014,2014-10-01,10-15,55.78295302687975,12.53317898716989
519,99005,E2014,2014-10-01,10-30,55.78287519733618,12.533047402540364
520,99005,E2014,2014-10-01,10-45,55.782890424223105,12.532883039742066
521,99005,E2014,2014-10-08,09-00,55.783933949100856,12.532819693572272
522,99005,E2014,2014-10-08,09-15,55.78391282031984,12.532898070808987
523,99005,E2014,2014-10-08,09-30,55.78385745353687,12.532979011706967
524,99005,E2014,2014-10-08,09-45,55.78370128593211,12.533027096978602
525,99005,E2014,2014-10-08,10-00,55.78389950244327,12.533032478573892
526,99005,E2014,2014-10-08,10-15,55.78372725343139,12.532995793525998
527,99005,E2014,2014-10-08,10-30,55.783583291996344,12.53313303683116
528,99005,E2014,2014-10-08,10-45,55.78367599422139,12.532978456260967
529,99005,E2014,2014-10-15,09-00,55.78334916621751,12.532921969821913
530,99005,E2014,2014-10-15,09-15,55.783291105073125,12.533018221688852
531,99005,E2014,2014-10-15,09-30,55.783444511983674,12.533091903903152
532,99005,E2014,2014-10-15,09-45,55.783275086925066,12.533134751309811
533,99005,E2014,2014-10-15,10-00,55.78335715493898,12.533028108759396
534,99005,E2014,2014-10-15,10-15,55.78347962699701,12.533139417744687
535,99005,E2014,2014-10-15,10-30,55.783665753017765,12.53319624646375
536,99005,E2014,2014-10-15,10-45,55.78370533300646,12.533026920139406
537,99005,E2014,2014-10-22,09-00,55.7837271192403,12.533649645561866
538,99005,E2014,2014-10-22,09-15,55.78374653850006,12.53374109569222
539,99005,E2014,2014-10-22,09-30,55.783766265500574,12.533691402990474
540,99005,E2014,2014-10-22,09-45,55.783569522139,12.533743629548148
541,99005,E2014,2014-10-22,10-00,55.7834550714057,12.533550608871662
542,99005,E2014,2014-10-22,10-15,55.78328636489911,12.53337097308612
543,99005,E2014,2014-10-22,10-30,55.78333023771388,12.533529564860476
544,99005,E2014,2014-10-22,10-45,55.78346826791313,12.533437924007755
545,99005,E2014,2014-10-29,09-00,55.7827390485591,12.534250094701306
546,99005,E2014,2014-10-29,09-15,55.78256098565056,12.534413180523854
547,99005,E2014,2014-10-29,09-30,55.782525860094836,12.534507600726252
548,99005,E2014,2014-10-29,09-45,55.7823535675817,12.534415637661464
549,99005,E2014,2014-10-29,10-00,55.78220783735922,12.534413781125844
550,99005,E2014,2014-10-29,10-15,55.78222373459687,12.534291895034876
551,99005,E2014,2014-10-29,10-30,55.78235885762171,12.534418811747738
552,99005,E2014,2014-10-29,10-45,55.782208545417625,12.534283534241501
553,99005,E2014,2014-11-05,09-00,55.783268077560216,12.534143848650672
554,99005,E2014,2014-11-05,09-15,55.78343412915601,12.534117670738906
555,99005,E2014,2014-11-05,09-30,55.78328496146317,12.534170940730693
556,99005,E2014,2014-11-05,09-45,55.783336013972445,12.534102246237909
557,99005,E2014,2014-11-05,10-00,55.78328453214183,12.534200858931532
558,99005,E2014,2014-11-05,10-15,55.78329613355314,12.534313906191292
559,99005,E2014,2014-11-05,10-30,55.783120872492155,12.534370412344582
560,99005,E2014,2014-11-05,10-45,55.78331114867782,12.534188625163758
561,99005,E2014,2014-11-12,09-00,55.783568980728745,12.535049773705532
562,99005,E2014,2014-11-12,09-15,55.78361196345699,12.535174948306803
563,99005,E2014,2014-11-12,09-30,55.783669899083435,12.535257889527342
564,99005,E2014,2014-11-12,09-45,55.783519992986626,12.535428082950732
565,99005,E2014,2014-11-12,10-00,55.78358022884385,12.53529136952717
566,99005,E2014,2014-11-12,10-15,55.783676266050215,12.535359185752156
567,99005,E2014,2014-11-12,10-30,55.78353310580184,12.535185820918484
568,99005,E2014,2014-11-12,10-45,55.783410687595676,12.535332762733685
569,99005,E2014,2014-11-19,09-00,55.7834742588747,12.535557352995282
570,99005,E2014,2014-11-19,09-15,55.7834434452301,12.53574672981841
571,99005,E2014,2014-11-19,09-30,55.783424974444834,12.53578975093059
572,99005,E2014,2014-11-19,09-45,55.78339094791111,12.535634005838709
573,99005,E2014,2014-11-19,10-00,55.78328438230838,12.535817673765823
574,99005,E2014,2014-11-19,10-15,55.78309229274098,12.535806919124157
575,99005,E2014,2014-11-19,10-30,55.783289496941556,12.535904901420517
576,99005,E2014,2014-11-19,10-45,55.78315072151765,12.536066290908723
577,99006,E2014,2014-09-02,09-00,55.784829264860214,12.513944951165527
578,99006,E2014,2014-09-02,09-15,55.78472397816073,12.513932597023965
579,99006,E2014,2014-09-02,09-30,55.78488949484682,12.514085973859668
580,99006,E2014,2014-09-02,09-45,55.784782684187945,12.514282004464068
581,99006,E2014,2014-09-02,10-00,55.784864834956,12.51429662274692
582,99006,E2014,2014-09-02,10-15,55.78492281551275,12.514206676333188
583,99006,E2014,2014-09-02,10-30,55.78496986812229,12.514101531612125
584,99006,E2014,2014-09-02,10-45,55.784975013781754,12.51417673704617
585,99006,E2014,2014-09-09,09-00,55.784375014198794,12.514306182190289
586,99006,E2014,2014-09-09,09-15,55.784492105884496,12.51432346088079
587,99006,E2014,2014-09-09,09-30,55.78467046772064,12.514173969571155
588,99006,E2014,2014-09-09,09-45,55.784485238905106,12.514233237425902
589,99006,E2014,2014-09-09,10-00,55.78439510978047,12.514381762082792
590,99006,E2014,2014-09-09,10-15,55.78448953975762,12.514401866974794
591,99006,E2014,2014-09-09,10-30,55.78437850242947,12.514440377043378
592,99006,E2014,2014-09-09,10-45,55.78426357700253,12.514414460430595
593,99006,E2014,2014-09-16,09-00,55.784158931549555,12.513915487191095
594,99006,E2014,2014-09-16,09-15,55.78414696188615,12.514074398113872
595,99006,E2014,2014-09-16,09-30,55.78406029460656,12.514062750968073
596,99006,E2014,2014-09-16,09-45,55.78395719521962,12.513908891157211
597,99006,E2014,2014-09-16,10-00,55.78405336431984,12.513711576154925
598,99006,E2014,2014-09-16,10-15,55.783885486525826,12.513604764556854
599,99006,E2014,2014-09-16,10-30,55.783947222674556,12.513621017732389
600,99006,E2014,2014-09-16,10-45,55.783965932319255,12.513761571505967
601,99006,E2014,2014-09-23,09-00,55.783535919347266,12.513863495545472
602,99006,E2014,2014-09-23,09-15,55.783367758523006,12.5137291017953
603,99006,E2014,2014-09-23,09-30,55.783182371207914,12.513739905119984
604,99006,E2014,2014-09-23,09-45,55.783168650577664,12.513561545000616
605,99006,E2014,2014-09-23,10-00,55.783159586771646,12.513663983925511
606,99006,E2014,2014-09-23,10-15,55.783142970334694,12.513538075082673
607,99006,E2014,2014-09-23,10-30,55.78321211769729,12.51365512127341
608,99006,E2014,2014-09-23,10-45,55.78334066894042,12.513457613227107
609,99006,E2014,2014-09-30,09-00,55.78268658822931,12.512519243141503
610,99006,E2014,2014-09-30,09-15,55.7827546582681,12.512354163558399
611,99006,E2014,2014-09-30,09-30,55.782684762376284,12.512363262491094
612,99006,E2014,2014-09-30,09-45,55.782809017206574,12.512531922449444
613,99006,E2014,2014-09-30,10-00,55.782884328796456,12.512487484406817
614,99006,E2014,2014-09-30,10-15,55.78268538644876,12.512538899505298
615,99006,E2014,2014-09-30,10-30,55.78276909891012,12.512540439123182
616,99006,E2014,2014-09-30,10-45,55.7826009654979,12.51264644354154
617,99006,E2014,2014-10-07,09-00,55.78280487443876,12.513302437520576
618,99006,E2014,2014-10-07,09-15,55.78262979987629,12.513386026566312
619,99006,E2014,2014-10-07,09-30,55.782644238281904,12.51337097022891
620,99006,E2014,2014-10-07,09-45,55.78276124649405,12.513441315275651
621,99006,E2014,2014-10-07,10-00,55.78260780794249,12.513598001789873
622,99006,E2014,2014-10-07,10-15,55.78247935322195,12.513644557767735
623,99006,E2014,2014-10-07,10-30,55.78260914693003,12.513502698741723
624,99006,E2014,2014-10-07,10-45,55.78259090974325,12.513357627668995
625,99006,E2014,2014-10-14,09-00,55.781799922213715,12.51326499887563
626,99006,E2014,2014-10-14,09-15,55.78164707779189,12.513150264080478
627,99006,E2014,2014-10-14,09-30,55.78155743725012,12.513297880892662
628,99006,E2014,2014-10-14,09-45,55.78159960453335,12.513146964779903
629,99006,E2014,2014-10-14,10-00,55.781666250878715,12.513190323626013
630,99006,E2014,2014-10-14,10-15,55.78151674919854,12.513388334691628
631,99006,E2014,2014-10-14,10-30,55.78150256531919,12.513358407099386
632,99006,E2014,2014-10-14,10-45,55.78154425155378,12.513253468590394
633,99006,E2014,2014-10-21,09-00,55.78080390425264,12.512976063818988
634,99006,E2014,2014-10-21,09-15,55.780680380314145,12.512866186589317
635,99006,E2014,2014-10-21,09-30,55.78072567732987,12.512783453935635
636,99006,E2014,2014-10-21,09-45,55.780581690808035,12.512768571567756
637,99006,E2014,2014-10-21,10-00,55.78077080618078,12.51260161153585
638,99006,E2014,2014-10-21,10-15,55.78067271092498,12.512757757541468
639,99006,E2014,2014-10-21,10-30,55.78068971644862,12.512894982774348
640,99006,E2014,2014-10-21,10-45,55.78082529535001,12.512804517248282
641,99006,E2014,2014-10-28,09-00,55.78036277701768,12.51256681181747
642,99006,E2014,2014-10-28,09-15,55.7802007862573,12.512651338717735
643,99006,E2014,2014-10-28,09-30,55.780331597905416,12.512829795246748
644,99006,E2014,2014-10-28,09-45,55.78024833476948,12.51295392852706
645,99006,E2014,2014-10-28,10-00,55.78013397989677,12.512895971069943
646,99006,E2014,2014-10-28,10-15,55.78027770240791,12.512918516763191
647,99006,E2014,2014-10-28,10-30,55.78044719020381,12.512824646529664
648,99006,E2014,2014-10-28,10-45,55.78063336052947,12.512649585403645
649,99006,E2014,2014-11-04,09-00,55.78128690646048,12.51273541736611
650,99006,E2014,2014-11-04,09-15,55.78115523975024,12.512658005209303
651,99006,E2014,2014-11-04,09-30,55.7813223295446,12.512682295309508
652,99006,E2014,2014-11-04,09-45,55.78133186449513,12.512537814929939
653,99006,E2014,2014-11-04,10-00,55.78113804817905,12.512737757195822
654,99006,E2014,2014-11-04,10-15,55.78128598060052,12.512599116739848
655,99006,E2014,2014-11-04,10-30,55.78126177749217,12.512494672037445
656,99006,E2014,2014-11-04,10-45,55.78113050771042,12.512630925611749
657,99006,E2014,2014-11-11,09-00,55.78022774684961,12.512416652932256
658,99006,E2014,2014-11-11,09-15,55.78014562230803,12.512340168194847
659,99006,E2014,2014-11-11,09-30,55.78027343698599,12.51223971605852
660,99006,E2014,2014-11-11,09-45,55.78010130018042,12.512041458776782
661,99006,E2014,2014-11-11,10-00,55.78018029226061,12.511870123589468
662,99006,E2014,2014-11-11,10-15,55.77998759453995,12.511971860831341
663,99006,E2014,2014-11-11,10-30,55.78001424833308,12.511823162252892
664,99006,E2014,2014-11-11,10-45,55.78017779927766,12.512015781807666
665,99006,E2014,2014-11-18,09-00,55.7797019370636,12.511863660490329
666,99006,E2014,2014-11-18,09-15,55.77982878997902,12.511749854540481
667,99006,E2014,2014-11-18,09-30,55.779823738081234,12.51190084917291
668,99006,E2014,2014-11-18,09-45,55.77981436114446,12.511830376504504
669,99006,E2014,2014-11-18,10-00,55.77995998205044,12.511758349106191
670,99006,E2014,2014-11-18,10-15,55.779787952427206,12.511921452949325
671,99006,E2014,2014-11-18,10-30,55.77997202382005,12.511787676217194
672,99006,E2014,2014-11-18,10-45,55.77986442441041,12.511946473933856
673,99007,E2014,2014-09-05,09-00,55.787863910448635,12.51334303935153
674,99007,E2014,2014-09-05,09-15,55.7880468520003,12.513485410316495
675,99007,E2014,2014-09-05,09-30,55.788091736253484,12.513630444902985
676,99007,E2014,2014-09-05,09-45,55.7881108663658,12.513435379698882
677,99007,E2014,2014-09-05,10-00,55.78822159198947,12.513410627307795
678,99007,E2014,2014-09-05,10-15,55.78831491497196,12.51332824863858
679,99007,E2014,2014-09-05,10-30,55.78833520597865,12.513139540437509
680,99007,E2014,2014-09-05,10-45,55.78829826075383,12.513045986438378
681,99007,E2014,2014-09-12,09-00,55.78730346000961,12.513151043597256
682,99007,E2014,2014-09-12,09-15,55.78728540733375,12.513060847433279
683,99007,E2014,2014-09-12,09-30,55.787311455880904,12.513005135429557
684,99007,E2014,2014-09-12,09-45,55.78712616399125,12.513199827597822
685,99007,E2014,2014-09-12,10-00,55.7871938488902,12.513189696364321
686,99007,E2014,2014-09-12,10-15,55.787275907109226,12.513250569047424
687,99007,E2014,2014-09-12,10-30,55.78735266184016,12.513427831674486
688,99007,E2014,2014-09-12,10-45,55.78737979844043,12.513413230168666
689,99007,E2014,2014-09-19,09-00,55.787844038026,12.514458007887717
690,99007,E2014,2014-09-19,09-15,55.78782784519286,12.514619366684826
691,99007,E2014,2014-09-19,09-30,55.787956915260054,12.514815790171875
692,99007,E2014,2014-09-19,09-45,55.78793057706035,12.514884809409198
693,99007,E2014,2014-09-19,10-00,55.787886840588115,12.514926826485391
694,99007,E2014,2014-09-19,10-15,55.7878605802962,12.514949684951231
695,99007,E2014,2014-09-19,10-30,55.78804872706638,12.515116606531071
696,99007,E2014,2014-09-19,10-45,55.78812778521201,12.515087143686406
697,99007,E2014,2014-09-26,09-00,55.78769142380075,12.514389569132478
698,99007,E2014,2014-09-26,09-15,55.78788325257432,12.51423614209246
699,99007,E2014,2014-09-26,09-30,55.787732410006534,12.514059594223776
700,99007,E2014,2014-09-26,09-45,55.78788167935628,12.513921442326659
701,99007,E2014,2014-09-26,10-00,55.787884453765926,12.51396722069117
702,99007,E2014,2014-09-26,10-15,55.78794016518682,12.514062042612846
703,99007,E2014,2014-09-26,10-30,55.787751947343125,12.51400719294361
704,99007,E2014,2014-09-26,10-45,55.78765525792598,12.514146359355555
705,99007,E2014,2014-10-03,09-00,55.788008445343245,12.514319613809676
706,99007,E2014,2014-10-03,09-15,55.78817143857992,12.514389699556027
707,99007,E2014,2014-10-03,09-30,55.78804207382413,12.514501912622368
708,99007,E2014,2014-10-03,09-45,55.788189756712704,12.514459887894997
709,99007,E2014,2014-10-03,10-00,55.78832686403956,12.51431478245689
710,99007,E2014,2014-10-03,10-15,55.788235705533616,12.514212402272479
711,99007,E2014,2014-10-03,10-30,55.78836144453945,12.514144348394487
712,99007,E2014,2014-10-03,10-45,55.78833817047794,12.513965611776001
713,99007,E2014,2014-10-10,09-00,55.78866435116558,12.513411473467487
714,99007,E2014,2014-10-10,09-15,55.78846662972972,12.513272815423433
715,99007,E2014,2014-10-10,09-30,55.78857545476269,12.51312717669625
716,99007,E2014,2014-10-10,09-45,55.788386040029685,12.512976686446189
717,99007,E2014,2014-10-10,10-00,55.78825738430245,12.513117722019352
718,99007,E2014,2014-10-10,10-15,55.78843172070567,12.51331537721739
719,99007,E2014,2014-10-10,10-30,55.78851896011166,12.513399610120251
720,99007,E2014,2014-10-10,10-45,55.788428103288915,12.513343335629953
721,99007,E2014,2014-10-17,09-00,55.787979047304994,12.512643765910688
722,99007,E2014,2014-10-17,09-15,55.78801451871541,12.512793538502088
723,99007,E2014,2014-10-17,09-30,55.7879319144183,12.512595486898258
724,99007,E2014,2014-10-17,09-45,55.78779439380829,12.512591634526308
725,99007,E2014,2014-10-17,10-00,55.78774759260177,12.512616255580678
726,99007,E2014,2014-10-17,10-15,55.78781788108324,12.512609605162545
727,99007,E2014,2014-10-17,10-30,55.78788210725042,12.51254730740994
728,99007,E2014,2014-10-17,10-45,55.787877902629035,12.512477804148723
729,99007,E2014,2014-10-24,09-00,55.787463464552154,12.513473366055843
730,99007,E2014,2014-10-24,09-15,55.78762049854251,12.513416685579884
731,99007,E2014,2014-10-24,09-30,55.78779224365813,12.513600342261663
732,99007,E2014,2014-10-24,09-45,55.787757736762025,12.513510516989426
733,99007,E2014,2014-10-24,10-00,55.78757842566637,12.513476527313374
734,99007,E2014,2014-10-24,10-15,55.78774750170503,12.513292502347436
735,99007,E2014,2014-10-24,10-30,55.78756099006852,12.513477106280213
736,99007,E2014,2014-10-24,10-45,55.78769333038363,12.513295018276796
737,99007,E2014,2014-10-31,09-00,55.786826803397375,12.513629869770444
738,99007,E2014,2014-10-31,09-15,55.78687138135913,12.513504314507163
739,99007,E2014,2014-10-31,09-30,55.78694926931004,12.513370840482404
740,99007,E2014,2014-10-31,09-45,55.78697555931275,12.513538539530568
741,99007,E2014,2014-10-31,10-00,55.786961244005404,12.513400663195865
742,99007,E2014,2014-10-31,10-15,55.78710907614891,12.513463707871525
743,99007,E2014,2014-10-31,10-30,55.78695274344422,12.513422020933525
744,99007,E2014,2014-10-31,10-45,55.78691962167833,12.513224890704453
745,99007,E2014,2014-11-07,09-00,55.78755123136568,12.513871337459777
746,99007,E2014,2014-11-07,09-15,55.787486137331214,12.514001012274544
747,99007,E2014,2014-11-07,09-30,55.78751015192034,12.514168395207022
748,99007,E2014,2014-11-07,09-45,55.78765429871271,12.51408906549794
749,99007,E2014,2014-11-07,10-00,55.787836064237936,12.51390447568237
750,99007,E2014,2014-11-07,10-15,55.787898315871914,12.513751401433394
751,99007,E2014,2014-11-07,10-30,55.78771905470826,12.513838005197075
752,99007,E2014,2014-11-07,10-45,55.787886841289854,12.513823797918144
753,99007,E2014,2014-11-14,09-00,55.78757078617182,12.514252559334434
754,99007,E2014,2014-11-14,09-15,55.78768981391829,12.514108302850614
755,99007,E2014,2014-11-14,09-30,55.78776857163656,12.514220340241105
756,99007,E2014,2014-11-14,09-45,55.78768625498102,12.514378554338476
757,99007,E2014,2014-11-14,10-00,55.787797037828724,12.514389849859144
758,99007,E2014,2014-11-14,10-15,55.78783938950523,12.514505470746236
759,99007,E2014,2014-11-14,10-30,55.78798203744656,12.514529592976452
760,99007,E2014,2014-11-14,10-45,55.78806383027572,12.514641454854837
761,99007,E2014,2014-11-21,09-00,55.78842309492531,12.514635390003
762,99007,E2014,2014-11-21,09-15,55.78840245582407,12.514649574907091
763,99007,E2014,2014-11-21,09-30,55.78848615268516,12.514616583861477
764,99007,E2014,2014-11-21,09-45,55.788541685910964,12.514625448135664
765,99007,E2014,2014-11-21,10-00,55.788486406029186,12.514550404420332
766,99007,E2014,2014-11-21,10-15,55.78836312140901,12.514386032387202
767,99007,E2014,2014-11-21,10-30,55.78825229939627,12.514575683635561
768,99007,E2014,2014-11-21,10-45,55.788111954855964,12.514428708854178
769,99008,E2014,2014-09-01,09-00,55.78336039519331,12.518478326548642
770,99008,E2014,2014-09-01,09-15,55.78350262888314,12.518405477887303
771,99008,E2014,2014-09-01,09-30,55.78334300006653,12.518516155824729
772,99008,E2014,2014-09-01,09-45,55.78325812315495,12.518470399738913
773,99008,E2014,2014-09-01,10-00,55.78343506629636,12.518331500768621
774,99008,E2014,2014-09-01,10-15,55.78357282697372,12.518367208038125
775,99008,E2014,2014-09-01,10-30,55.78357596330698,12.518374922033164
776,99008,E2014,2014-09-01,10-45,55.783751899490774,12.518563074461914
777,99008,E2014,2014-09-08,09-00,55.78382746613653,12.518822048576405
778,99008,E2014,2014-09-08,09-15,55.783770420450274,12.518760595206095
779,99008,E2014,2014-09-08,09-30,55.783766293729684,12.518714984555901
780,99008,E2014,2014-09-08,09-45,55.78394747504821,12.518756711348717
781,99008,E2014,2014-09-08,10-00,55.7839944910126,12.518823321613766
782,99008,E2014,2014-09-08,10-15,55.78395538378947,12.518762867626277
783,99008,E2014,2014-09-08,10-30,55.78410295451005,12.518943113553133
784,99008,E2014,2014-09-08,10-45,55.78397005029252,12.51897506459123
785,99008,E2014,2014-09-15,09-00,55.7846486389487,12.519748716894501
786,99008,E2014,2014-09-15,09-15,55.7844809613599,12.519940786488418
787,99008,E2014,2014-09-15,09-30,55.784321401752216,12.519802165157706
788,99008,E2014,2014-09-15,09-45,55.78414376045108,12.519680304915285
789,99008,E2014,2014-09-15,10-00,55.784322137080984,12.519858009207578
790,99008,E2014,2014-09-15,10-15,55.78444931922334,12.519908883340937
791,99008,E2014,2014-09-15,10-30,55.784568151042144,12.520043557429794
792,99008,E2014,2014-09-15,10-45,55.78460737047088,12.520157820645895
793,99008,E2014,2014-09-22,09-00,55.785488805314124,12.520633413860047
794,99008,E2014,2014-09-22,09-15,55.78563149988843,12.520740518576686
795,99008,E2014,2014-09-22,09-30,55.78547303975472,12.520907547061666
796,99008,E2014,2014-09-22,09-45,55.78544428793854,12.520969420214788
797,99008,E2014,2014-09-22,10-00,55.78528229906034,12.520785226135281
798,99008,E2014,2014-09-22,10-15,55.78535333734154,12.52085264239908
799,99008,E2014,2014-09-22,10-30,55.78525289980227,12.520672413214784
800,99008,E2014,2014-09-22,10-45,55.78542908502885,12.520666713126037
801,99008,E2014,2014-09-29,09-00,55.78478365868741,12.520629765523903
802,99008,E2014,2014-09-29,09-15,55.78483610948124,12.520745579857818
803,99008,E2014,2014-09-29,09-30,55.784794616546975,12.520792465698538
804,99008,E2014,2014-09-29,09-45,55.7849737553408,12.520617650623995
805,99008,E2014,2014-09-29,10-00,55.78492289798921,12.52059511846056
806,99008,E2014,2014-09-29,10-15,55.78496101554589,12.520753126036386
807,99008,E2014,2014-09-29,10-30,55.785083668114815,12.520915157528087
808,99008,E2014,2014-09-29,10-45,55.785100627120386,12.520789680218144
809,99008,E2014,2014-10-06,09-00,55.7849970377432,12.521128031287
810,99008,E2014,2014-10-06,09-15,55.78497700049335,12.521143200423872
811,99008,E2014,2014-10-06,09-30,55.78509748223286,12.521250162776631
812,99008,E2014,2014-10-06,09-45,55.78514991405652,12.521163226860681
813,99008,E2014,2014-10-06,10-00,55.78520486259129,12.521049184268364
814,99008,E2014,2014-10-06,10-15,55.7853868784366,12.52096032856494
815,99008,E2014,2014-10-06,10-30,55.78541344348515,12.520790405237276
816,99008,E2014,2014-10-06,10-45,55.785346048584856,12.520673960359892
817,99008,E2014,2014-10-13,09-00,55.7856364953468,12.51999531287918
818,99008,E2014,2014-10-13,09-15,55.78563739110404,12.520047683008585
819,99008,E2014,2014-10-13,09-30,55.785504963505595,12.520110243864927
820,99008,E2014,2014-10-13,09-45,55.78556828797967,12.520010824608097
821,99008,E2014,2014-10-13,10-00,55.78566293474193,12.519974084768036
822,99008,E2014,2014-10-13,10-15,55.78580275057911,12.520028004424193
823,99008,E2014,2014-10-13,10-30,55.78561613199191,12.51996424405976
824,99008,E2014,2014-10-13,10-45,55.78565373250465,12.520153100878948
825,99008,E2014,2014-10-20,09-00,55.78604628521675,12.520252279172526
826,99008,E2014,2014-10-20,09-15,55.78596780633513,12.520349819980153
827,99008,E2014,2014-10-20,09-30,55.78578760576292,12.520371577710714
828,99008,E2014,2014-10-20,09-45,55.78576303237894,12.520184452336741
829,99008,E2014,2014-10-20,10-00,55.78580521680633,12.52036138569198
830,99008,E2014,2014-10-20,10-15,55.785935957806785,12.52029148969487
831,99008,E2014,2014-10-20,10-30,55.78573788706162,12.520279643710827
832,99008,E2014,2014-10-20,10-45,55.78588131203257,12.520468887743185
833,99008,E2014,2014-10-27,09-00,55.78529565607419,12.521260175044542
834,99008,E2014,2014-10-27,09-15,55.78520582218451,12.521403436915609
835,99008,E2014,2014-10-27,09-30,55.785307740575384,12.521357197200505
836,99008,E2014,2014-10-27,09-45,55.785202113890215,12.521477615807107
837,99008,E2014,2014-10-27,10-00,55.78538028503265,12.521461537225168
838,99008,E2014,2014-10-27,10-15,55.785510416169366,12.521622439916571
839,99008,E2014,2014-10-27,10-30,55.7856957764637,12.521639255356813
840,99008,E2014,2014-10-27,10-45,55.785836969536085,12.521469351037073
841,99008,E2014,2014-11-03,09-00,55.78601287521566,12.521076811800487
842,99008,E2014,2014-11-03,09-15,55.78615476802543,12.52115177534987
843,99008,E2014,2014-11-03,09-30,55.786138864577715,12.521140859700255
844,99008,E2014,2014-11-03,09-45,55.78602387363007,12.521302946488564
845,99008,E2014,2014-11-03,10-00,55.78596709839479,12.52126872636121
846,99008,E2014,2014-11-03,10-15,55.78607924707391,12.521220574474873
847,99008,E2014,2014-11-03,10-30,55.78609254499613,12.521116729116928
848,99008,E2014,2014-11-03,10-45,55.78602304073833,12.521256527413216
849,99008,E2014,2014-11-10,09-00,55.786998136047465,12.521189309059725
850,99008,E2014,2014-11-10,09-15,55.78697328086228,12.52121232816874
851,99008,E2014,2014-11-10,09-30,55.7869348849433,12.521111886901108
852,99008,E2014,2014-11-10,09-45,55.786896499673574,12.521162848417077
853,99008,E2014,2014-11-10,10-00,55.78697047783664,12.52105902633609
854,99008,E2014,2014-11-10,10-15,55.786826785138814,12.521146117614721
855,99008,E2014,2014-11-10,10-30,55.78692766027372,12.52131139052392
856,99008,E2014,2014-11-10,10-45,55.78685878545334,12.52142592668851
857,99008,E2014,2014-11-17,09-00,55.786643954231955,12.521754524568456
858,99008,E2014,2014-11-17,09-15,55.786732437774276,12.521903821325715
859,99008,E2014,2014-11-17,09-30,55.78654489884613,12.521786157619205
860,99008,E2014,2014-11-17,09-45,55.78653337543796,12.521651736854045
861,99008,E2014,2014-11-17,10-00,55.7863881474917,12.521635452617705
862,99008,E2014,2014-11-17,10-15,55.786190561627556,12.521460281517058
863,99008,E2014,2014-11-17,10-30,55.786338380630546,12.52129438203804
864,99008,E2014,2014-11-17,10-45,55.786381839318985,12.521116235354274
865,99009,E2014,2014-09-03,09-00,55.784633149603884,12.516660113049369
866,99009,E2014,2014-09-03,09-15,55.784455857240616,12.516503127811513
867,99009,E2014,2014-09-03,09-30,55.784499783523216,12.516546546083063
868,99009,E2014,2014-09-03,09-45,55.78451936216699,12.516638117994583
869,99009,E2014,2014-09-03,10-00,55.784580094302065,12.51675695185469
870,99009,E2014,2014-09-03,10-15,55.78472995571466,12.516782302969075
871,99009,E2014,2014-09-03,10-30,55.78481809536641,12.516709221547327
872,99009,E2014,2014-09-03,10-45,55.78464060803739,12.516742225704991
873,99009,E2014,2014-09-10,09-00,55.784981642416476,12.516118119958708
874,99009,E2014,2014-09-10,09-15,55.784830577374024,12.516113412166694
875,99009,E2014,2014-09-10,09-30,55.78475197722432,12.516022082881253
876,99009,E2014,2014-09-10,09-45,55.784750506906825,12.515902471607962
877,99009,E2014,2014-09-10,10-00,55.78463210988784,12.515714543166204
878,99009,E2014,2014-09-10,10-15,55.784465463788294,12.515713739266333
879,99009,E2014,2014-09-10,10-30,55.78456217273716,12.515666058992828
880,99009,E2014,2014-09-10,10-45,55.784385498273835,12.515709311324004
881,99009,E2014,2014-09-17,09-00,55.784602205408035,12.515960038136942
882,99009,E2014,2014-09-17,09-15,55.78460386365884,12.515828293467907
883,99009,E2014,2014-09-17,09-30,55.78444914552166,12.515762789020087
884,99009,E2014,2014-09-17,09-45,55.78436434622673,12.515626956024756
885,99009,E2014,2014-09-17,10-00,55.78431621477933,12.515709361380718
886,99009,E2014,2014-09-17,10-15,55.78444573117293,12.515863072882432
887,99009,E2014,2014-09-17,10-30,55.784391115621546,12.515960094333572
888,99009,E2014,2014-09-17,10-45,55.78439882628336,12.516035221854542
889,99009,E2014,2014-09-24,09-00,55.78513778681719,12.516050345770187
890,99009,E2014,2014-09-24,09-15,55.78523409008771,12.516180672190018
891,99009,E2014,2014-09-24,09-30,55.78527788461752,12.516241589216628
892,99009,E2014,2014-09-24,09-45,55.785165709475415,12.516244230780897
893,99009,E2014,2014-09-24,10-00,55.78520978753347,12.516156071179449
894,99009,E2014,2014-09-24,10-15,55.785130841346,12.516088354067525
895,99009,E2014,2014-09-24,10-30,55.78498924310038,12.51599773505385
896,99009,E2014,2014-09-24,10-45,55.784980742723995,12.516111519031902
897,99009,E2014,2014-10-01,09-00,55.784292954590505,12.515890201989919
898,99009,E2014,2014-10-01,09-15,55.784342391665724,12.515724890752288
899,99009,E2014,2014-10-01,09-30,55.78454046017077,12.515725379000589
900,99009,E2014,2014-10-01,09-45,55.784591456573644,12.515898174917249
901,99009,E2014,2014-10-01,10-00,55.78454774136564,12.515919527694296
902,99009,E2014,2014-10-01,10-15,55.78470744251253,12.515782872939296
903,99009,E2014,2014-10-01,10-30,55.784762373867196,12.515771965759173
904,99009,E2014,2014-10-01,10-45,55.78475231241385,12.515753223380809
905,99009,E2014,2014-10-08,09-00,55.784411424353955,12.516276614189952
906,99009,E2014,2014-10-08,09-15,55.78451679882281,12.516227953063977
907,99009,E2014,2014-10-08,09-30,55.78447633122494,12.516096296223047
908,99009,E2014,2014-10-08,09-45,55.78429224909922,12.516159483269062
909,99009,E2014,2014-10-08,10-00,55.784318083470225,12.516356113930936
910,99009,E2014,2014-10-08,10-15,55.78430311810188,12.516460388046932
911,99009,E2014,2014-10-08,10-30,55.78411868966397,12.516415830773807
912,99009,E2014,2014-10-08,10-45,55.78416743918155,12.516569032854564
913,99009,E2014,2014-10-15,09-00,55.784398794282886,12.51589523062279
914,99009,E2014,2014-10-15,09-15,55.784508608265455,12.516057773204055
915,99009,E2014,2014-10-15,09-30,55.78431682152944,12.515860971268431
916,99009,E2014,2014-10-15,09-45,55.78423091611214,12.5156647687193
917,99009,E2014,2014-10-15,10-00,55.78433681967209,12.515671103891615
918,99009,E2014,2014-10-15,10-15,55.7841793348399,12.515616937530698
919,99009,E2014,2014-10-15,10-30,55.784242411308384,12.51545029170981
920,99009,E2014,2014-10-15,10-45,55.784066857910865,12.515256748915366
921,99009,E2014,2014-10-22,09-00,55.784072881898574,12.51510004306788
922,99009,E2014,2014-10-22,09-15,55.784235820422985,12.515234094012788
923,99009,E2014,2014-10-22,09-30,55.78436951712604,12.515379316811618
924,99009,E2014,2014-10-22,09-45,55.78452579832713,12.51529043664579
925,99009,E2014,2014-10-22,10-00,55.78433242500243,12.515417207427024
926,99009,E2014,2014-10-22,10-15,55.78441733989451,12.515574110014247
927,99009,E2014,2014-10-22,10-30,55.78461266064543,12.515642589132364
928,99009,E2014,2014-10-22,10-45,55.78472699840527,12.515724458385971
929,99009,E2014,2014-10-29,09-00,55.784819776848295,12.51547133249934
930,99009,E2014,2014-10-29,09-15,55.784655511274245,12.515351074108002
931,99009,E2014,2014-10-29,09-30,55.784532057393015,12.515340422752544
932,99009,E2014,2014-10-29,09-45,55.78459016626502,12.515218555874078
933,99009,E2014,2014-10-29,10-00,55.78464099610394,12.515411040061355
934,99009,E2014,2014-10-29,10-15,55.784559165179665,12.515342062568124
935,99009,E2014,2014-10-29,10-30,55.7847509371378,12.515147272546534
936,99009,E2014,2014-10-29,10-45,55.784708492493,12.515048967888141
937,99009,E2014,2014-11-05,09-00,55.78520200011252,12.51509316007885
938,99009,E2014,2014-11-05,09-15,55.785218336088214,12.515010458972048
939,99009,E2014,2014-11-05,09-30,55.78511698745037,12.515123620386536
940,99009,E2014,2014-11-05,09-45,55.78502215385774,12.515249484473339
941,99009,E2014,2014-11-05,10-00,55.78494159055058,12.515372340446746
942,99009,E2014,2014-11-05,10-15,55.78483489241887,12.515434829516712
943,99009,E2014,2014-11-05,10-30,55.78496803401705,12.515545468192828
944,99009,E2014,2014-11-05,10-45,55.78506806258335,12.515610985402594
945,99009,E2014,2014-11-12,09-00,55.78450287570575,12.515960934368389
946,99009,E2014,2014-11-12,09-15,55.784534274483285,12.515792450199553
947,99009,E2014,2014-11-12,09-30,55.784694401604604,12.515796582857128
948,99009,E2014,2014-11-12,09-45,55.78478923307682,12.515675942173688
949,99009,E2014,2014-11-12,10-00,55.78471685870817,12.51578672432685
950,99009,E2014,2014-11-12,10-15,55.78472904591449,12.515685851431813
951,99009,E2014,2014-11-12,10-30,55.784614743069284,12.515804029428983
952,99009,E2014,2014-11-12,10-45,55.78457352120537,12.515831392548082
953,99009,E2014,2014-11-19,09-00,55.784811134512665,12.515909618117648
954,99009,E2014,2014-11-19,09-15,55.78463013886749,12.515717447809925
955,99009,E2014,2014-11-19,09-30,55.78482101318646,12.51566813909631
956,99009,E2014,2014-11-19,09-45,55.78473259475885,12.51556468125043
957,99009,E2014,2014-11-19,10-00,55.78468251232732,12.515734462962456
958,99009,E2014,2014-11-19,10-15,55.78450381762861,12.515558234092362
959,99009,E2014,2014-11-19,10-30,55.78433505672648,12.515646621560665
960,99009,E2014,2014-11-19,10-45,55.78438755051164,12.515585448197529
